iteration,phase1_ms,create_ms,create_fee,finish_ms,finish_fee,memo_valid,vc_cid,escrow_hash
1,3509,5750,12,6905,423,true,bafkreietwumkrsgl3ejemv5q7pvugji6rhkklegbmjj2x4n26dscofre3i,FE5B8E47E5C8ECEEAC3A7A9BAA193A02BBFC737467EC1B67F974CF7D3AA53D4F
2,2830,5686,12,6929,423,true,bafkreiaw5zkjfd5o3ku5oclxk7nvyysix34xlnxtkxmk7conzuhpw4tmii,455C6C13394E38E9C9A613F7FD5E6A736474DD419A623105DCE7613BEE5133F0
3,3533,6890,12,5618,423,true,bafkreidgp6tqy3if25afcvpgzc4lnt6oydsuixzvtk4o5c3vaerkvjfqge,B33952A82BDCC73978A2EC35C7131ECDA603FB224A31B98C8347CF4A5AB7B04D
4,3371,5624,12,5616,423,true,bafkreigt36ch7quecwqmbicue3awzhpnmtbei72pjguh6rken37nnkwlri,E8E9E8435F29C2199F740CAC188A8FCD6B71D1ABA7F319A139E74D5F1D1AFD64
5,2995,6894,12,5614,423,true,bafkreibbmaadmq3vftyb6qoq4t7lfhck7wgwvrn55y46fw77ckf44fs7tu,363A0924AE9A22863A4A481ADF3BE48CF75F6C03A3A3DB618C1B3B1F0F9E3EAB
6,3296,5779,12,5640,423,true,bafkreihg2pe3xyzueo7lyoplgh5jsatkthy4ntu2widh4ysfiq4gnz4oz4,D50EE821804699BBE99A33B6FA6DC8A565D75D3887BD9FCE6D5630FC255CB7DD
7,3405,6913,12,5617,423,true,bafkreigzkbu2bm6tawlvlixzj2o32riectk6jm6xoxlbqkdwb2cu23ka74,B67CAACC3B0040755842B2E5AB7372F666844ADBF99708DC67043FD6644C7E08
8,3122,5607,12,6883,423,true,bafkreifvwztigxd33toxaja2cfydveevoimfcrbiot5yshtz3f7mua6na4,639FDE9E7C03956529541C985665CB5669F13EED0A0FF80D019596005CECCD02
9,2850,6877,12,6894,423,true,bafkreigl6tpw4n2z4c4k3sumb2hl4e6uxi735gkpzx6qbelourughvxy6a,1106BA41D34E2EE0318D190A8B070A56E3B58F7966B71446D2E0E07DF9764CE0
10,3440,5632,12,6883,423,true,bafkreietcmolbx5zrpw7bap7ec7aaqggupqc2vml6vyq52xt355dxw42cm,B33D7B07E5F9A909297D82503BB06A11DB6B9B59E96F4C401AB6122A92367086
11,2764,6916,12,5636,423,true,bafkreicvowatswglv2ipnoo4txq4s6lj4widf2jwd2gry6z66fgoxkh7xy,C893DDCBBA1FBB514E9EC756D3938F0CFB2FCB2CFB2FDBF4EE8B9F9819044C1B
12,3120,3044,12,6890,423,true,bafkreigimbb46lnyyhjdi7ynqg5tjs5faoclbqsq2bshglxjts6lbqzuvi,BA1B8D1C3F5281EEBFF574CACB04FEABBEABE79739CCA2A98C9CDAE9271B418B
13,3683,5639,12,6919,423,true,bafkreideurfv656f25czp5egatkr6i5372h2s574gcginwpcq5vdbhyohq,C330431948C8A80F9D69343AE32889F082F6E86CEA371ECF070E8CA1D39FA8A1
14,3136,6890,12,5728,423,true,bafkreig446jzymlugsd5qvzd23dyf3w5nv3dxqdq3qz7ivcxsl3i4lx2ym,F9E436787A5AC1E9706576DF64F115BCEB3C0BBA008B3AC07E30D7A288CAE49D
15,3000,5623,12,5616,423,true,bafkreihfztpfvk2floc7efj3o7rc5xmnty44iwbhhzteznq26wozn5fhsy,CDC5A412F39B9F64F652DBC7FFC0E34B2394B7066A56DC8EAD656438D4B68C22
16,3372,6891,12,6900,423,true,bafkreiblcbkqrt5xplvxek2km73b3ih6xfobwa75fbp76mvsqo24jg57au,0D0C94F18C4E5E86E9F584699905A939344DB68AA0788351A639F98556ECF57D
17,7079,6434,12,6005,423,true,bafkreicw3jr5c7ym64cjtdk77gzxyre6nmpuphro4coukufu7bikd7ac6i,14DF442ADE0DFC0C42AAF4D1326B36E9DBD1D48C882E259AC0A8AD67EE6A004B
18,4486,5635,12,5991,423,true,bafkreiesznoxjn2v2dtb2rdgwemhl2j6fvukoadi4b7ei5rktzlk3piqwm,9E2A36105C1BE9B0B20D00EF0B1848707709AA0E768E5F3973327A93FE042824
19,2859,5658,12,6882,423,true,bafkreiduds6we273kpv4qvh6xwzzerjeshjuf3aanvjaomcbrmwlgxwzdi,F94063DFFD64BDF9B1CA0CFB621125FE2BF13D85C3A3057B95301A4B04EC5742
20,4206,7004,12,7260,423,true,bafkreihbr5jcr2cyl2vu7ny5x5ashf3q5nkwvzoh5qfsrzvhlez6ntnx6u,C5A2286B352248C66E24F7443AA4B3D4E258BC85CAFB231CF9A9EEB4F742F11C
21,3170,5976,12,6364,423,true,bafkreidkqwjgmvvpgkloa6gj4yxivxykwuv3xct5maqznhklpd2vczc4fm,B3208DBA1DEC0971F7524383D762CBE8275C4B8BAB86AA507F13170577D30D4C
22,4837,6017,12,6694,423,true,bafkreid2qakxcgznx2vazd4imdkfckjfbeq6x5edn75ndc6bu53xvbfhii,FA6BDFB793011811E10E5829044E499B95572C75DC3D3A2C67263531F8BC2E2B
23,3729,5833,12,5618,423,true,bafkreibzbecnozji6hprhztzlzuxtqjzehcs3ygokxzvoue2fiix7w3h3m,C2009AACC4E2441585D235ECBBFA68D065648EFE2A0B16386CBFEE294D827C6A
24,3457,6925,12,6897,423,true,bafkreibiibduonu7ag43j7h7w33ikkb45y5nusz6kqdqc3ltqoy2gudohy,C9BF6CFA80BE47AD1F8A021CFB15E1C7F9F58E81ABE75FD6FA3CF5267AE86F07
25,3265,5625,12,6906,423,true,bafkreihv5exys3eize7fx5z5luyptn3skerpmb3rhlgigp6dbn47onni34,F201D90237CF176EEDAB272C6B49D6419065703E161547016233F18C7247A394
26,3172,6929,12,6944,423,true,bafkreid34tgviouxavzgn2zw6toor2ffep7aui4353zqgtj76mfbf5hpxq,D62FAE0F260049E99BFA9AAFDA7F5388626D3CE1240B827370CB2C1BA1461DFC
27,3332,5602,12,6916,423,true,bafkreigyojd3ziuj7ypdwrvzizy3rrv6luk5ccmjfasbz7qvxxr3fhss2u,37748C805C4D46DE12723CB34FEE53F80C49E6FA2A739584788CC1E2A618B38B
28,3140,5617,12,6897,423,true,bafkreieup4ukntj4rgtjdpkejy4xtqkrvchejkgjgodt6wv4e62tl4hqjy,887AAC0FA053F182DF6AC50CCF6DA420C82290E893B13BD588EE7BB6C82194A8
29,3407,6889,12,5616,423,true,bafkreibqtzjuyoidphgjdtgwqzhlf4fbociddqhkw6y52pddwfrnbjid2a,E039F431FF476215CD3C2FCCF0014B1CAAB81DA6F10D2C6B396F6152081BB6A1
30,3532,5612,12,5616,423,true,bafkreieb65d4qg53rpv64s6ipi2owjq5n46243q3ttyhwa6oas22dn3oeu,ACEFF8F3A28012F395FE6E0034A01D82E900C69472D0DBCEE9DDBDB1DC95F43B
31,2847,3041,12,6884,423,true,bafkreiaaldieqhkawpm5nwmeodtnm4wfxtolvff33yytrv2p4z36jv2pjy,D7FAC9779A23B07E869937E4308B045DE5F87947DEE078A63E3678F361BCA6CB
32,2824,5614,12,6916,423,true,bafkreiarfyu653gijela2flovi22s3hpxvtz45lnm37itajrcnfnyvhk7i,3DFCC59B21C818B2BCFF432E87B5D2606B319F7731B1889D568507B411E0C1EB
33,3748,5613,12,5625,423,true,bafkreidgpn2pscnaj2hosad6lrxrnx7lttpdn2umthgclixvshgargqtau,CDA86C26FC52EC63728A15DC950089391DCA8D5D70A7103BB3866DEB2C55420C
34,2813,5599,12,6888,423,true,bafkreidr44ptqillj4oc4ocyity4busjmmjvwtfybq2crsscsukl47n6we,6A30B0419F889BD6C7A74AED7806E7BBDF7794BBC4201F204A5FC933172EB09E
35,3040,8189,12,5715,423,true,bafkreigu5nl5laxagdoybo7ehz5wtm3zqjmgv2slncflspe57g4wyf43au,17427DFE0B47DCFEA35A2DABC431CC41ED3208D7D7DD666C794C374E61F71597
36,3304,5621,12,6906,423,true,bafkreib3tr77eluxvl255rquoljace762e526uhkjoitde52uphoyzio4a,884716B93EB9A1567E7B7D3470060B86A3CAD476F4BDAA7DE2C6489DD38DF702
37,2763,6920,12,6898,423,true,bafkreih553yibebecqhzx7swm36cahtopemv6yap6s4ob7rkfpxim75s4a,2EF9B78A7F2F960E4AFB7452A84E0E4296F68BBB4922E64EA861A4A23675DACE
38,3388,5827,12,6886,423,true,bafkreicmsus4krgd4ax6rhqno3pva2sr2joul5i4e5pvwkbzqaraxtq4gu,57B2BC98191F81D55E02C3E579C3631581B235E39BF05C9DC2B1A7B30926DB34
39,3281,4338,12,5598,423,true,bafkreid7hcycup3eva5e6nbezmsopbb73lrwklhktlvdz62ddwyn45xqbi,6A466F3BADA5A4985F3EEF3E83F17A08401B742D6C0D7EE6961BAB56B9ADC90C
40,3203,5625,12,6902,423,true,bafkreid4ae7wf45fshqpzchujpyqkxwkz6abbjuepoxkpr5rwmw7nzeeje,013CE8AD009880C48FE23862A0A6A557888737D5C6F66B67D2C39317812CE6EF
41,3076,7110,12,5603,423,true,bafkreihmxclrnyngdpw3vgvwdtlvaeghtftkd6uifn5px4ahmccqthgzg4,3782FE03ADEBE9C8D8E2271E1449BA8A93AB337324E67728477F6C8C939035E2
42,3759,6904,12,6885,423,true,bafkreid3t7kujltq5mt3unkqe2rca6qtv2v43wvwlsrowdngegspssvl4a,430AEB009A7B9355D6C376F255750D5BF7122F5948AA4AC04F6F4C6F510FA721
43,3138,6900,12,6897,423,true,bafkreibgybozekwpd2djso5wx2x7fkevabmpe3ndpoti3m2dp3fljeqhm4,A31D0FDD1F41AEC176687E69F36BC1C43063999056A58A222D9C518E6EE488E4
44,2756,6909,12,5635,423,true,bafkreihu3arrjtucsj2on6r2m5yzu5viapnjhpovlioserxh6gtsbp6xpu,3C1799537E52B3B106962577B537212F6EBF1426AC9F5FF9B1FE5923B9977FAA
45,3550,6082,12,6507,423,true,bafkreidzxm4dwkvo7fyrtfwecicr2cnhpmgcayrlq65gwr7o7h3oji5kvi,9A03757CDB8177355BE5B606ECB227884A1D7A9BC06026A84F1E25CDBC0640D0
46,3178,5601,12,3040,423,true,bafkreihrwqbsaddiziyr2umsbq6lvp2por4jslwgnn6nfafw4lpaenddnu,28F31C36D0C036FDC821595D6BAF6B711B8EFE6C4D12585632491142E9E50EC5
47,3134,6889,12,6901,423,true,bafkreihs4tcnjlgivgs2ere3p7esunfojxdipdobyd2x4hhl2kce46q67u,8F84E78C3EF4BC8F7AA3551C49BF7B0D88A57B32B7B8CC90976646F389FF2081
48,3277,6885,12,5612,423,true,bafkreiglgc5ufmng2mk2ohowzb5bwdpnziy3burmkdpppy7peesskegome,3687D4AD3D1EDF1705A354493329FF848A6BC3DEF587A408D017A91D797C38F3
49,3434,5621,12,6896,423,true,bafkreiaoo7kybvr2qk4ftiqvxe7rchswd7zgipwcncfldywspwtaoglgnu,EEF0EF09FAFE7701756E123902481301A879DC9F099033F52077FC88B53922F7
50,3486,4319,12,5118,423,true,bafkreiene5latebolqpkffabmjrvwyf2utd76hyu2hnj3dnpzgqw3doc3y,2F41773E75F304EEC3E20AB2DB8D20FA20C3BF5045A038E831AB9B7C43951088
51,4586,6997,12,6408,423,true,bafkreifngarmvnokedknhhfvdu46ocrrrmza5y6sy4gqdlztucji7lnp3i,CE84BF213B8DFBCA2F809ECD2D59EECD2B81AD54D09CFB6AB3E8862A6DF28CF8
52,3229,6996,12,6465,423,true,bafkreibpbxv72eyr6ygexpk5lkmgg7bv7qwanzzkthdt7zwz765xdyggv4,7A88B3665B92BD29564ED7C99B1DA28E9D50076782096145D414E91AF13D8E2F
53,3309,6479,12,6762,423,true,bafkreieyvtxyagqiocolz54okj2w7f6skwfsdqy4ymrnqsvpkjv45uuwny,D0C45FF0C2A069BD86711CC19A03AC0D38CEA6830F32091B8BA9510D9ABF4741
54,3448,5923,12,4902,423,true,bafkreicqvmt4g2nhkfvcyliheecmibcstugxihnk2tkssyjiidrlps7rce,C386F4A19F48C9CCC14B2DD5897B3ED822E67BE1EF8495F155675E9E78F222E2
55,2804,6075,12,6440,423,true,bafkreibk5t5urzflxljyrx4slwjakj7qnzztawlth6rxmt43brqkei2wl4,B480771A543E5CD37DCD643AA0AA50B5580AAD7AE78835084F2E8EC3F93C675C
56,3781,4802,12,6069,423,true,bafkreifxrkjb5vvkcgv5hxc37ot5ytrlduakgbrrkibjk4tabsiylueetm,A5283349EE078788BBE4C81805EF1496F0C1693AF6FAFCF898E68A2F4DDA1F69
57,3430,6059,12,6071,423,true,bafkreiefdyq4npggku452xtihuta3fq3gc7jc3esxkhez7i6gjcqjrvvte,6CA9E544432D400089A5A2822C4DFEFC1BEDCA578B7F9D275EE459FA642C357B
58,2851,6076,12,6449,423,true,bafkreie3gab4m2lv643bzx4wrimkfxl7t44csxwxn6mb6vww67eouxurzy,A2409E70442ABFD717586FAA7D5439B23C90752A73EEA4C98DF66CC0C76DF4A5
59,3352,5480,12,3469,423,true,bafkreia2hbkbbbwdulhttw2mnivm7wdxxwy6s553varltpmiqurcmjdape,68D28819AED0746450A5110BDC073CF263AE05EB4693360212A57552C834894A
60,3453,6098,12,8513,423,true,bafkreieanbxb2qw4mmwnrf2lwqxptojq477qtllcnj3rcgvqapnp7aqepi,D2B4B8FE2E24B7130C293FB3C621B26D1A2CF71B359D9C0031AC12226AA53CAA
61,3170,6441,12,4777,423,true,bafkreidphw6s2ft24lu4w55ahmq2scittsb4wbqhlaty2a4jokgitvebp4,D09088142621172DE3C4DD8BBADF101801E4FA05C73389227F2C878C1C2251FD
62,3786,6440,12,5146,423,true,bafkreighs5nkqfpuhmy54ivizvls3vnuke6ok5mbre6vbnwovpoes7zfiy,8CFA7EEAEE84994FB75BB80F78F7E3F332468B8789495AB81FF004C363587AC8
63,3519,6476,12,6177,423,true,bafkreibutb43qc6wm66qyktktffdzj5mcw3o3wkjoxxaqwhtdb4v6g6z5q,17F5AA57C10F33CFD7C28A40FD76A7108D9B694A694350916D29BD0CAA84AE25
64,4328,6266,12,6829,423,true,bafkreigkkpdwjtixoq7o3kyeqbdxbbujt7ik7hdr3jtzivnyxotfaxojvi,7642610E520A0B8D17101DD9C9FCCE3CE0252BBD10A8DB720312B02DDD77C371
65,3172,5654,12,6405,423,true,bafkreiafmrtju7bpu6tvjv3zqk24hxylqpfoelcq5jq44sxek7id3u7mou,3DF8A12521149BC944BFCB81DA06C2BAC619E0E5E530E0A3257758490FC120AE
66,4440,5193,12,3285,423,true,bafkreidtsazqfwxupm76pcvxtoolz4nk24wjiyqzzgapnqbkl34w4vtjp4,0BB499A38A267118525D27083C45AA2E01DFA922E3C69471B0CCCE3D8298BE0C
67,3123,5634,12,7737,423,true,bafkreicduynhmprcfnnlhdzpqc53cov6ru5r26jqyiscgcpa6y7ptowr3q,D615C5A341A5210FE8E1CAC6C825BAB309A1033CC5E9FB1C8D9B898E90FE809D
68,2923,6072,12,5592,423,true,bafkreiablo6zxjwbbbveenjxeh6dwvrbdq7noxhfzyr3w46mzpifez2xa4,03590F9CCAA19F2510036E148AB8F84207E38904B32E1EC04667729FFBF3A119
69,3606,5618,12,3048,423,true,bafkreicetyopibkoa5ip46kgfbav5x3ffwmq6l3shsbjrox2kbivvknsme,E2B675B7557AD42111513531D1BF619E0357C8429F65338DC924233CA78B3870
70,3027,7066,12,4285,423,true,bafkreihyaierkrumf3clhcmu35da6g7ksqjrjmdj5expep5cqkv7cxhvha,02D91099C39AABA94AAF6C1AE21BFCF972586730D5D00131CDFBCFF7B93B3399
71,2905,5608,12,6893,423,true,bafkreih7la3xt36iirmgswwfj2fvs7enjjeijw7u2y47fgfctbx2bawstq,8FF61FA8EFB13FEC18A01C8ABB0C32EAD6DA3D4120F180320EF56A8BE77134ED
72,3692,6891,12,5614,423,true,bafkreigbndw4vg3cfrxoolsrchynkrlhc3ohfh6rwf7uprfwp2sceqtmyq,20DF819BFC9EDFFFDD93033C8629FE9C5139BF145A0884B4C6BFD23F39C31DC7
73,3130,5778,12,5590,423,true,bafkreieh5iqyt2hxbuoxl5eznsgzrqk2akgk3phrpq2jlnh3t2we5rnlba,476440372393497336A3F82F0326BA0B14026BCD9A38AE9306EF5270A814F835
74,3088,5620,12,5619,423,true,bafkreihaahi363bvrpyve7ij7afhtxupwx5vdg7jqfju4estabcdk2hple,1472FB240EF88AB665EF529237638422BBF1C644406222DE430989CEB437726F
75,3189,3054,12,6886,423,true,bafkreifnhhycziongbi6uprjgewyyejq2ch6grp6klvrodk7wvjwefsx44,D1FA283EA0AEF17029945178FBD648CF2DBDCD6A97764B18AC0B7AC1F3CF64B3
76,2903,6950,12,6925,423,true,bafkreidwqqd63ajy36h4f3nwuidgichq7n5bpnikm2lfyi777jvywv2qxq,C5BA6B32244A6BD89C3FFE2E2282BDDE90AB086D687264BCA3E0FA54BFC48618
77,3052,6895,12,6873,423,true,bafkreihb3ii7krvu2xvq3tn7pnozmanwfg75ku34uz57ku6e73a55ne3ce,CB55BBB34A764974EF69427DA5E9617DF1D0233613D6C09068E6B5894B4CCD69
78,3648,4338,12,5615,423,true,bafkreia344enekdz6b2hqtwdxm3dv6qpxqxsdbbtvizsdzrzmxvbgoaz4i,4FE8149885D6811273F6808AFF48EC04EBF52D262B19F159798D4856A36AFC44
79,3050,6888,12,5621,423,true,bafkreibpbudaqyqgp6psmd27z52nalwtlzxf5u5pbd2jysscn5qx7dszmi,60AC4ED9B083F33193D32E1E6DDDDB32F997704A369929863592380F7D71B97A
80,2940,7099,12,7253,423,true,bafkreic2uu2mphaytfdj2i6g3iqp2qt53kpu6mffd2rebm66cjcc2fhkny,EBBDD681B79A73DEC556385880DD6E82DD4D843812DF643590578ABBE5A48DA2
81,3615,6937,12,7105,423,true,bafkreihnzb4mgfs6lmni2xfdnw47oxgnbbewoz7xedk4ble4qy4rpfnea4,B0F7F6CF7D92BE2230A9A7B192863978E4FDE32FEEF5A7F6FCCA03598DCC4019
82,3277,6903,12,6904,423,true,bafkreifcynwxr36n6a4tiy4dfo7du7hbfppgmokknl245o5tcdzegrtxvq,E46C7A5D77EB5A3E4AC7A460EEBB38A443F9972A220FA883A51E8CFD122D23FD
83,3794,7206,12,5623,423,true,bafkreic6ajpgzzuady6vydl5jtz2jfkbreynbzblqrnww7hrkisbybecvy,32CAC89955A6DB9BA7A73995DB9E24FF094FE5E25E57AC60330A9F296E549D7E
84,3924,6917,12,5641,423,true,bafkreieb2fbaho636xbcs3z3kmevqj6r6lkf4pb26jktchtdafjux5ecua,A723F59ADAC699FCE77EA49DF4A3EA0DF1CB20A6E25F7622C0A3864EADE84CA1
85,3409,5597,12,8220,423,true,bafkreianq56livhcbbv2upk2bvracfrkph7icum5kb3fcf3tidrozqy3za,C64035950C10BF7407F316A2C14948BBB666CFA8F192E8D11AEDEEAEF1A11B24
86,3953,6895,12,8206,423,true,bafkreierr6cudid45vegaw4diuinyivvz4i74y2j7pobfb742em6otlzpy,F82B02A245FD9D8DCA8D11C6886AD040D0A0ED40CC86707D4E5E16981FF35ADB
87,3171,6888,12,5636,423,true,bafkreifxnwinu4whrdsmw6gol4glkzq2dqpvhjtwafokouae5qrinaaxgm,74AC3F9F9A128301DFA4FC8E178F81E931702DBE43279A0C6007C8765CA51803
88,3158,6906,12,7078,423,true,bafkreic5dorfatmtktx5laum5fubrhk7woc47s42p2tasp7f4fnxc443oi,4DF7AC881A28FD780A4A251583C5FAEFA4237C6C79A8A6E80AA77FB5EBC17F8B
89,3365,8202,12,6908,423,true,bafkreiggowlnmcuzksyazt3hkr3bf2hrdqbnpjvcwzng3t5wneie2f6jou,5FDFC06A9272E4571BB30F169486C75A19CBCB8DC793BCA0F6D84EDB5D508364
90,2861,6913,12,5628,423,true,bafkreicmkc7ymzkfypg2j7vml2ivbbcmzgocfi4td4236gqfx4heph76nu,6E1033E410ABD3B103BFF5B79703B9A85BEB2630A4F9B5C986246809775B0EEC
91,3678,6572,12,5909,423,true,bafkreieuaglrwwokcb3nyiscjvjiz24crqmbmdcwuzdd45vsh5dknlf3nq,3A2E1E31D3516070E8317C48045D344A9ECED638064B54A38C38DA6B02461ACC
92,2850,4371,12,6881,423,true,bafkreigcjuww2kejsx67oafetya7vivhysy4wvjt43bfwastie5rlhslja,B662427AD20F1119FEBCA6207755CB7103CF00F7C0CB5A257F66702676DCF0B8
93,3263,8173,12,5621,423,true,bafkreiddrd6emfya2slwlt5rofdjlvjakmxlueatsmwgd3zdj5npxud2xe,73972C3652615B25E733D09757220040C2307809CFE2C7974614DF165C5A7FE6
94,3702,6904,12,8211,423,true,bafkreieukkx5cvqsf2uhakl6wk3ph7dnsaljzjk4xao4gcvlnvln6e46ni,1D3EA0BD195C454B51A924645A0BC55D5275CD7CE385B13D08818A178BB555BA
95,3136,6932,12,6902,423,true,bafkreifyw345ymtbj342frvjoxxixsfqgoxhambvahgme66lsubni22ut4,D140BF84DF7189D61F2DD56E44970FCB2970FA268F4473C6292FEE597496F619
96,3348,8259,12,6957,423,true,bafkreiedzifjkgltcmb2grlppgs6h5vedpdt6lvjxycwutpd76w7jzce6y,2711AD684E39D8F03FF4B9F40CACC2ECC6B0A2254272835A65A15EA9714531B2
97,3412,5649,12,3147,423,true,bafkreih7ff6wrxonymkuu4f2tc7i6htdmfcurky5vqmmc3pb3hy4m5wtym,9FF9BEB0A60B0FF79B4CC961E095225110265D1F228B5A0621903EB7BEA565D9
98,3065,6905,12,5615,423,true,bafkreiarq37v5te7dn7jqn2p4uh2sb2gbtd5jqdp7c4upy75eql2wwnyva,C4CD87A7B9B60786DE53F3B6DA5A8B1D31CF87B3CCA57023B4BB9908D973D7C4
99,3574,5628,12,4364,423,true,bafkreihvhefbxtganwbcbqxqr4cv2cd43nbpfyhyoikrzgn4qpebffckhu,F3F9DFB93C95D27D96EB6B09A8997419F6A222DEE159002BA9FC444C1B4DECD1
100,3094,7091,12,6923,423,true,bafkreicvtkzx5xyxkqxoeiw4fbxlmh2wqdsgqadrefo3rhhtxosbdycx5q,43E1A0A231178D193DE778A6F712FD5FBF31871E9031CA607AB6F8B91116AC76
AVERAGE,,6188.320,12.000,6204.030,423.000,100/100,,
STDDEV,,973.381,,1050.228,,,
P95,,7114.800,,7283.850,,,
