iteration,success,usedDoi,eventDetected,crossrefApiMs,vcVerifyMs,oracleVerifyMs,policyVerifyMs,precheckMs,createMs,createFeeDrops,finishMs,finishFeeDrops,chainOnlyMs,totalFeeDrops,totalMs,errorMessage
1,true,"10.1038/nature12373",true,637,2.455,0.3389,0.1333,2.9272,5740,12,6829,423,12569,435,27035,""
2,true,"10.1126/science.1058040",true,829,0.3459,0.2561,0.0216,0.6236,5551,12,5546,423,11097,435,22410,""
3,true,"10.1371/journal.pone.0001636",true,602,0.4114,7.1688,0.0686,7.6488,5562,12,5571,423,11133,435,20215,""
4,true,"10.1016/j.cell.2015.04.044",true,605,0.3298,0.3689,0.0333,0.732,5564,12,5544,423,11108,435,23198,""
5,true,"10.1038/s41586-020-2649-2",true,610,0.3371,0.2195,0.0168,0.5734,5545,12,6991,423,12536,435,24610,""
6,true,"10.1145/3442188.3445922",true,592,0.3016,0.216,0.0181,0.5357,5557,12,5759,423,11316,435,18936,""
7,true,"10.1007/s10961-019-09768-3",true,615,0.2828,0.2365,0.0234,0.5427,5545,12,5726,423,11271,435,20339,""
8,true,"10.1016/j.respol.2009.07.002",true,624,0.2095,0.2714,0.0245,0.5054,5563,12,5599,423,11162,435,22321,""
9,true,"10.1287/isre.13.3.334.78",false,605,0.3085,0.1815,0.0161,0.5061,5568,12,5577,423,11145,435,23225,""
10,true,"10.1016/j.elerap.2007.02.001",true,608,1.5957,0.8705,0.0583,2.5245,5571,12,5579,423,11150,435,20251,""
11,true,"10.1038/nature12373",true,590,0.4927,0.3456,0.032,0.8703,5570,12,3028,423,8598,435,19673,""
12,true,"10.1126/science.1058040",true,792,0.2522,0.2565,0.0099,0.5186,5569,12,5690,423,11259,435,20591,""
13,true,"10.1371/journal.pone.0001636",true,647,0.2568,0.2269,0.0126,0.4963,5560,12,5592,423,11152,435,22358,""
14,true,"10.1016/j.cell.2015.04.044",true,606,0.2025,0.2298,0.0076,0.4399,5568,12,5571,423,11139,435,23256,""
15,true,"10.1038/s41586-020-2649-2",true,588,0.2405,0.237,0.0248,0.5023,5638,12,6844,423,12482,435,24533,""
16,true,"10.1145/3442188.3445922",true,602,0.3101,0.1778,0.0098,0.4977,5586,12,6854,423,12440,435,23560,""
17,true,"10.1007/s10961-019-09768-3",true,594,0.2047,0.1712,0.0087,0.3846,5575,12,6848,423,12423,435,23520,""
18,true,"10.1016/j.respol.2009.07.002",true,603,0.2527,0.1737,0.0134,0.4398,5560,12,5588,423,11148,435,23378,""
19,true,"10.1287/isre.13.3.334.78",false,596,0.3285,0.2423,0.0115,0.5823,5567,12,3017,423,8584,435,20685,""
20,true,"10.1016/j.elerap.2007.02.001",true,602,0.3466,0.4876,0.0221,0.8563,6857,12,6823,423,13680,435,22746,""
21,true,"10.1038/nature12373",true,605,0.2713,0.2737,0.0563,0.6013,5766,12,8143,423,13909,435,25012,""
22,true,"10.1126/science.1058040",true,804,1.0854,1.0205,0.167,2.2729,6848,12,5566,423,12414,435,23750,""
23,true,"10.1371/journal.pone.0001636",true,593,0.2212,0.1726,0.0114,0.4052,5559,12,5683,423,11242,435,22365,""
24,true,"10.1016/j.cell.2015.04.044",true,591,0.2418,0.2625,0.0161,0.5204,5594,12,5564,423,11158,435,23200,""
25,true,"10.1038/s41586-020-2649-2",true,606,0.2452,0.1761,0.0089,0.4302,5569,12,6867,423,12436,435,24626,""
26,true,"10.1145/3442188.3445922",true,599,0.2292,0.1842,0.0111,0.4245,5610,12,5599,423,11209,435,23450,""
27,true,"10.1007/s10961-019-09768-3",true,586,0.2117,0.1737,0.0106,0.396,5562,12,3022,423,8584,435,19704,""
28,true,"10.1016/j.respol.2009.07.002",true,619,0.2274,0.1978,0.0108,0.436,5564,12,6865,423,12429,435,21582,""
29,true,"10.1287/isre.13.3.334.78",false,596,0.2223,0.1747,0.0106,0.4076,5577,12,5568,423,11145,435,23259,""
30,true,"10.1016/j.elerap.2007.02.001",true,616,0.3221,0.2221,0.0118,0.556,6850,12,5590,423,12440,435,24556,""
31,true,"10.1038/nature12373",true,617,0.216,0.1733,0.0187,0.408,5447,12,3019,423,8466,435,19574,""
32,true,"10.1126/science.1058040",true,807,1.3615,0.355,0.0199,1.7364,5555,12,3015,423,8570,435,20949,""
33,true,"10.1371/journal.pone.0001636",true,601,0.3366,0.1905,0.0129,0.54,5562,12,5566,423,11128,435,24271,""
34,true,"10.1016/j.cell.2015.04.044",true,590,0.3315,0.1985,0.0107,0.5407,5565,12,5575,423,11140,435,20177,""
35,true,"10.1038/s41586-020-2649-2",true,602,0.2378,0.2218,0.022,0.4816,6848,12,5561,423,12409,435,24562,""
36,true,"10.1145/3442188.3445922",true,597,0.3769,0.3204,0.0161,0.7134,5557,12,5572,423,11129,435,23255,""
37,true,"10.1007/s10961-019-09768-3",true,611,0.2024,0.2395,0.0089,0.4508,5547,12,3012,423,8559,435,20725,""
38,true,"10.1016/j.respol.2009.07.002",true,607,0.2969,0.2483,0.0355,0.5807,5565,12,5568,423,11133,435,20262,""
39,true,"10.1287/isre.13.3.334.78",false,587,0.242,0.2051,0.0215,0.4686,5524,12,2964,423,8488,435,20577,""
40,true,"10.1016/j.elerap.2007.02.001",true,600,0.2539,0.2828,0.0139,0.5506,5571,12,5580,423,11151,435,24267,""
41,true,"10.1038/nature12373",true,593,0.3224,0.3592,0.0299,0.7115,6851,12,6844,423,13695,435,25813,""
42,true,"10.1126/science.1058040",true,842,0.2291,0.2474,0.013,0.4895,5570,12,5566,423,11136,435,19054,""
43,true,"10.1371/journal.pone.0001636",true,613,0.3478,0.3079,0.0289,0.6846,5570,12,5554,423,11124,435,20246,""
44,true,"10.1016/j.cell.2015.04.044",true,607,0.2025,0.1707,0.0088,0.382,6848,12,5583,423,12431,435,24514,""
45,true,"10.1038/s41586-020-2649-2",true,611,0.2161,0.2817,0.017,0.5148,6826,12,6845,423,13671,435,25777,""
46,true,"10.1145/3442188.3445922",true,608,0.2569,0.1666,0.009,0.4325,5560,12,6868,423,12428,435,23541,""
47,true,"10.1007/s10961-019-09768-3",true,589,0.239,0.1729,0.0083,0.4202,5555,12,5558,423,11113,435,20226,""
48,true,"10.1016/j.respol.2009.07.002",true,620,0.2913,0.1717,0.0107,0.4737,5557,12,6834,423,12391,435,24532,""
49,true,"10.1287/isre.13.3.334.78",false,597,0.3971,0.3285,0.0275,0.7531,5592,12,5571,423,11163,435,24236,""
50,true,"10.1016/j.elerap.2007.02.001",true,636,0.3769,0.2733,0.014,0.6642,6854,12,5563,423,12417,435,24553,""
51,true,"10.1038/nature12373",true,627,0.2639,0.2209,0.012,0.4968,5576,12,5572,423,11148,435,23301,""
52,true,"10.1126/science.1058040",true,811,0.2243,0.2121,0.0237,0.4601,5571,12,4290,423,9861,435,23227,""
53,true,"10.1371/journal.pone.0001636",true,595,0.2357,0.2398,0.0092,0.4847,6852,12,6862,423,13714,435,24834,""
54,true,"10.1016/j.cell.2015.04.044",true,623,0.2851,0.2296,0.0109,0.5256,5574,12,5570,423,11144,435,18850,""
55,true,"10.1038/s41586-020-2649-2",true,595,0.302,0.2508,0.0715,0.6243,5581,12,3014,423,8595,435,20686,""
56,true,"10.1145/3442188.3445922",true,610,0.3712,0.198,0.0154,0.5846,5574,12,6849,423,12423,435,25541,""
57,true,"10.1007/s10961-019-09768-3",true,619,0.3504,0.214,0.0164,0.5808,5577,12,6867,423,12444,435,25568,""
58,true,"10.1016/j.respol.2009.07.002",true,608,0.3345,0.1745,0.0099,0.5189,5743,12,6856,423,12599,435,23734,""
59,true,"10.1287/isre.13.3.334.78",false,637,0.4577,1.039,0.0629,1.5596,5576,12,6857,423,12433,435,24815,""
60,true,"10.1016/j.elerap.2007.02.001",true,643,0.2139,0.2371,0.0138,0.4648,5554,12,6858,423,12412,435,24551,""
61,true,"10.1038/nature12373",true,591,0.2016,0.2802,0.0148,0.4966,6283,12,5582,423,11865,435,24019,""
62,true,"10.1126/science.1058040",true,797,0.2056,0.2039,0.0085,0.418,5537,12,5572,423,11109,435,20400,""
63,true,"10.1371/journal.pone.0001636",true,604,0.4038,0.45,0.0158,0.8696,5560,12,6849,423,12409,435,23611,""
64,true,"10.1016/j.cell.2015.04.044",true,608,0.4443,0.3038,0.0115,0.7596,6843,12,5571,423,12414,435,24521,""
65,true,"10.1038/s41586-020-2649-2",true,595,0.2434,0.2797,0.0117,0.5348,6861,12,5565,423,12426,435,24533,""
66,true,"10.1145/3442188.3445922",true,625,0.2321,0.1681,0.0072,0.4074,5563,12,5557,423,11120,435,23229,""
67,true,"10.1007/s10961-019-09768-3",true,625,0.2429,0.2124,0.0396,0.4949,6828,12,5561,423,12389,435,24563,""
68,true,"10.1016/j.respol.2009.07.002",true,602,0.3012,0.1902,0.0085,0.4999,5579,12,5587,423,11166,435,23390,""
69,true,"10.1287/isre.13.3.334.78",false,599,0.2905,0.2362,0.0087,0.5354,5580,12,6985,423,12565,435,24697,""
70,true,"10.1016/j.elerap.2007.02.001",true,606,0.2001,0.1653,0.0072,0.3726,5566,12,5566,423,11132,435,24266,""
71,true,"10.1038/nature12373",true,595,0.3545,0.32,0.013,0.6875,5580,12,5568,423,11148,435,25325,""
72,true,"10.1126/science.1058040",true,798,0.2372,0.2899,0.0212,0.5483,5665,12,5560,423,11225,435,23497,""
73,true,"10.1371/journal.pone.0001636",true,614,0.198,0.2098,0.0081,0.4159,5563,12,6936,423,12499,435,21576,""
74,true,"10.1016/j.cell.2015.04.044",true,624,0.7172,0.6263,0.0246,1.3681,5583,12,5580,423,11163,435,23307,""
75,true,"10.1038/s41586-020-2649-2",true,613,0.1926,0.1585,0.0065,0.3576,5604,12,5600,423,11204,435,23433,""
76,true,"10.1145/3442188.3445922",true,607,0.2257,0.1693,0.007,0.402,6838,12,5607,423,12445,435,23575,""
77,true,"10.1007/s10961-019-09768-3",true,619,0.5438,0.3869,0.0284,0.9591,6836,12,6860,423,13696,435,25808,""
78,true,"10.1016/j.respol.2009.07.002",true,614,0.4998,0.4715,0.018,0.9893,5605,12,5564,423,11169,435,22287,""
79,true,"10.1287/isre.13.3.334.78",false,605,0.4673,0.4214,0.0168,0.9055,5575,12,6853,423,12428,435,25534,""
80,true,"10.1016/j.elerap.2007.02.001",true,597,0.3282,0.337,0.0135,0.6787,5573,12,5578,423,11151,435,23206,""
81,true,"10.1038/nature12373",true,635,1.0559,0.9341,0.0382,2.0282,5757,12,6906,423,12663,435,24819,""
82,true,"10.1126/science.1058040",true,844,0.2056,0.1671,0.0074,0.3801,5559,12,8160,423,13719,435,27144,""
83,true,"10.1371/journal.pone.0001636",true,600,0.3884,0.2153,0.0137,0.6174,6849,12,6847,423,13696,435,26845,""
84,true,"10.1016/j.cell.2015.04.044",true,635,1.6028,1.194,0.9891,3.7859,5600,12,6864,423,12464,435,23646,""
85,true,"10.1038/s41586-020-2649-2",true,607,1.8266,1.7152,0.2128,3.7546,5772,12,5584,423,11356,435,22477,""
86,true,"10.1145/3442188.3445922",true,597,0.34,0.3344,0.0209,0.6953,5582,12,6840,423,12422,435,25544,""
87,true,"10.1007/s10961-019-09768-3",true,604,0.2422,0.2764,0.009,0.5276,5587,12,5575,423,11162,435,23372,""
88,true,"10.1016/j.respol.2009.07.002",true,604,0.2524,0.2082,0.0088,0.4694,5589,12,6866,423,12455,435,25671,""
89,true,"10.1287/isre.13.3.334.78",false,594,1.6853,0.3949,0.0239,2.1041,5599,12,5565,423,11164,435,23491,""
90,true,"10.1016/j.elerap.2007.02.001",true,656,1.0542,1.1216,0.0412,2.217,5595,12,6871,423,12466,435,21573,""
91,true,"10.1038/nature12373",true,588,1.812,1.0577,0.0784,2.9481,5590,12,5555,423,11145,435,23219,""
92,true,"10.1126/science.1058040",true,781,0.2935,0.2361,0.0083,0.5379,5587,12,6863,423,12450,435,23789,""
93,true,"10.1371/journal.pone.0001636",true,590,0.6382,0.5711,0.0232,1.2325,5582,12,5565,423,11147,435,23261,""
94,true,"10.1016/j.cell.2015.04.044",true,602,0.9863,0.9342,0.0371,1.9576,5567,12,5556,423,11123,435,26236,""
95,true,"10.1038/s41586-020-2649-2",true,597,0.4346,0.4719,0.0176,0.9241,5577,12,6858,423,12435,435,25572,""
96,true,"10.1145/3442188.3445922",true,635,1.0745,0.8251,0.0403,1.9399,5594,12,6843,423,12437,435,24586,""
97,true,"10.1007/s10961-019-09768-3",true,618,0.2852,0.1855,0.0148,0.4855,6963,12,5578,423,12541,435,23919,""
98,true,"10.1016/j.respol.2009.07.002",true,600,0.194,0.2474,0.0086,0.45,5590,12,6841,423,12431,435,23653,""
99,true,"10.1287/isre.13.3.334.78",false,589,0.2895,0.2202,0.0095,0.5192,5550,12,6817,423,12367,435,24488,""
100,true,"10.1016/j.elerap.2007.02.001",true,592,0.3329,0.2882,0.0179,0.639,5727,12,5534,423,11261,435,22323,""

metric,mean,std,min,max
crossrefApi,627.71,62.870389691809606,586,844
vcVerify,0.4403940000000002,0.4169013002666218,0.1926,2.455
oracleVerify,0.4094429999999999,0.7308670711223758,0.1585,7.1688
policyVerify,0.03385200000000001,0.10062237671611618,0.0065,0.9891
precheck,0.8836889999999997,0.9739175091243609,0.3576,7.6488
create,5794.55,469.8269974150061,5447,6963
finish,5850.45,1079.4072111580506,2964,8160
chainOnly,11645,1222.4996523516888,8466,13909
total,23249.67,1923.1263143901913,18850,27144
createFeeDrops,12,0,12,12
finishFeeDrops,423,0,423,423
totalFeeDrops,435,0,435,435
