iteration,mode,create_ms,create_fee_drops,cancel_ms,cancel_fee_drops,create_hash,cancel_hash
1,cancel,7159,12,6935,12,C80E32EFE21F67073FBEF327DBBBCDC17A5FA314C8684AFD21BEF0305E3A7929,2FE4936B6B0633D2BE96AA17B6662F7D60C93FE26F1B5B815FA797040F679D79
2,cancel,5622,12,4357,12,2104F8A7E449AA1B572A990D308E45E3FD4477E25ED877F4CBE1E5372D43394E,8244753B6308B5BC5B259B29E1E39514232B1B4B5A0E493A0B4556FE3BA37EA5
3,cancel,3483,12,5637,12,1A753D83F6C3AF5509A99E56D4B9A19ADC0E290288FC8EA7DD090A82C4777643,314914AFF594EC3D47717A031F0F2CEB7F26858765A49795D1354EE024A14872
4,cancel,3065,12,5767,12,75C05B031DFC3E5472AA6FD5F7E064FA941F3E43C3462EE41D6BBDDFB26C3764,A70220A0B4D7B46EEF31703AC50360E6E4FBDC694B47C734C00AF3AA61851E3D
5,cancel,6925,12,5629,12,7EFDE0905FBECC8A91E6610E0B1075FEBF61446F9682FF1B789CC1A00F0F7717,34AFB50F8FAF26D76A42085A1452E558C9D6D8824047FF5ABE38AB70B59865A0
6,cancel,5628,12,5630,12,8ED098F4DCF374D9AF7F121EECDF4E1725F80F3461B6F516C956A2EB9BC6B145,51F02121D66F177ADC1004E8253EAA49424FD2055F214A54F0F0C8F2DEA8AF60
7,cancel,5617,12,8199,12,343D981FF411B4133721B5BF7D370146728AB83B05B88339D4C5F8BEFD783A97,F628401548D8E9EFD05534D4DE075EDC374085DBEB304DCA93DEB6AC5EE51F25
8,cancel,5623,12,5615,12,816237270BFA47B911B2C7D64060CAFE3B903F4600A15FB9A4450375DFC67102,2E6C8AD919EE564E4C184FDD15982E548BB45CEDCE54E721C4D3C970563090C3
9,cancel,5813,12,5614,12,B28C765319C530CDC606DFCF65EEE0C47864120E5556BFC2AE79FD48678ECE00,B4FB412A11A2EBF3920D54C97586D7AECD3B2C66C4AFD8E91B66FD5F165B487D
10,cancel,6917,12,5581,12,17BA14D22946E677290102D5F9B1730D1112EEEB17C3A417B5707FC3D336AAED,0CB73C69A630C496B2BAE64868180B847D93F90AE5F96AE2FC0CCECB999E2E53
11,cancel,5623,12,5617,12,E46857B994DD0A6AA5C6A4EE93BA0B2114A2D3D6E137C5072A5A9D1B5B6F2BC1,0F671C38C87A46C22ADBFACAEC7CDA48381C343C0C9BF9B69044E458E7CDE971
12,cancel,5647,12,5614,12,7EE7A24A207A69CA3CA67FD7DDEF73FC7E908F2C07238E9558FFB1FE5FC523B4,7AB7A13EA0E2705CD9681B07AF7B7876BDCE1B3A0C4D155867BD95A849BC3E0D
13,cancel,5627,12,5631,12,66A54D6CC3C595C7CBB334B8171ECCC062D9F18838661593C2921080499007D4,65164AE8EBDAA3F5E11A6BC7C4CA1F80BAF0E0618B2DA0AF1FAD7A8B578DC841
14,cancel,6414,12,4400,12,14F574AFB86909C64B452AAFE52842511EEE2CC5CA0513BE77B2B7D980BD758B,28C574C14828EBFF9F9BBB16A2B7E6BCAC787244CFE2D4D0383CDE424FF5A4AA
15,cancel,5664,12,5649,12,A277AD92F5F3FDC3EAF1FF008C18850D8A5236E37259EF27541EC390669CA199,F486882C1939B4198B7C470A6E687497C55CBC61196D61F7EBB146A13BC04A3E
16,cancel,5743,12,5629,12,5CF4B6305457C771EB35CFE5E2C94160D8786C7E71712A3167FFA83344C5ACEE,EEF8B6C587B08AC5A0C84F6E08952F3972DD5468B4E499B3A6E1F77A5DE94998
17,cancel,6730,12,5654,12,9B4907F118C1DBF80C8960F4AED81B5199B942DF7814247460C5073900E0C070,E1409220263A6E61BA2B96F8FE1E7D85F3E1550B1D23E9AC4B8C0716DC206C54
18,cancel,5661,12,3050,12,FD5E412742C63ABE099453B523057580BB7007081CE93AD9DC3023641D9AD4DB,1C3EBEB2C737C9E047FC9F391736481A98D7803A52744E305170DEEBB5542E99
19,cancel,5643,12,5812,12,C1ACC26536861A16E677626948E3C50C3DD63225E2B3A8AE75251148F949EB04,FFB53BECA7383860076667F1359E1BE730F94E891C1FCF6FE36B1742F10EA34E
20,cancel,6378,12,5816,12,E4BB8CE35486A9C17780892F9F3418FD1C56EAEDB71CAD35AA4443625EE444CC,4431F6D6C4071091A22B96CB5AB28104A54DA1F048EA64DDB96CF9B8599DD231
21,cancel,5809,12,6916,12,0ABAFA0EC8F33780710F6A6E1E076B1EDB1C91E50C6DE62D87EA9D5326111118,7AACCAC617E5102E26139E062D82BD206646D5804ADBD0660172D5AC46708162
22,cancel,6912,12,6908,12,6EF876FDFD886FEACBA12068E93112E4D68C3309A32057F255D1BC7806FCD016,C5E67FFB9927639BC600EC28AA18561770F54963237B1E134137E9669E008F7C
23,cancel,6969,12,5619,12,1CBE457289468F2EF35413F72FD77FC01DC3CA30E35373DD52CB2CF30262C6B7,AC7D90748CD7D9209A05003498D2213D68BD36B03A4B5E16E0711AC37DC30CBB
24,cancel,5593,12,6913,12,AF56ADEF4F4C2FD1C8E2D2F411C55373C34AA54E8D0B6D23B3BD5B46BF3B741E,4B4AD7DE2A8380238C931A9A288C79E4CF2AA38EF86F56702199883F1B652A8E
25,cancel,5627,12,5617,12,74A9F46673FFC65AE040D65117EA4D772876261ADADCFFD69BBBB408093BF399,0738B83C1884D8538E163F5C66BE36DBCEF3E36D0D1B960C8472DB389B894A7D
26,cancel,6918,12,5632,12,C6D6D721A3313997F8583DD1CB1139CC3F8F3992C61CC3B7EC45DD4D720FED3E,6E80DF35AB03CC931800FE480C6A98EB616BC299F198053322CB35508827FA01
27,cancel,5602,12,5707,12,E17A2EA966A41FA09F6CF2FC3038931D47CDB55EDB37A48F0082D1348BD823F6,3D7F0A1F761F9FB3D765E0604D08799E923A046BF40F50632972D42166C5F94A
28,cancel,3062,12,5612,12,CAC118386473A05E694996121E0D65C1E7CDF512C4909BFF0D13AA620D30B220,FAEAE05FA7AB92BCC52821E82273A1C490B76C54462991A1B75B8D8763847A03
29,cancel,5612,12,3068,12,2EB192F8F8EF5E58A80DB8E62CEB7BA131771519C3A3BED4ECA0299920971738,7CC27D81ED66D192CBC9934BF6268B7C5D3EFE9F8247988F0BE54DCDCE6BC132
30,cancel,6895,12,4330,12,D0EAA356C888FF47B3F60D2050993640E91EEBBA201C8BBB1E3AD813EBBF5878,A46FEABB6EE7B5B700CD2A5BB2D2B7C3D3C78BB51440EB3AFDEBC418C65460AE
31,cancel,5702,12,4355,12,9D4DF4A37146F8C44E21923A5830C64CAED0675AD3B463C181299D5DC21C9C2D,AB7E2E4B6E100BB832A660E56512FFD53BAF6158A7306E36986E8AE5984E984F
32,cancel,3053,12,4351,12,AB97D95C7764732438A584829BFFDAD4831E7F5B8C23EF8931BB9584A07B31DA,535405753F739E8D4B433E75F3D46EA3AF01AEA6BEB67ED4B5C3DDCEBDCC1296
33,cancel,6925,12,4302,12,06CF58E8D51AC42AC7468FAD19CC3C1FC71C6FEB192CCFA4E0842DD6AB7F9736,AFC51D42E823372B4A86D14642F3969B14C7E714AF2CB2A024E3DC7916136F69
34,cancel,5628,12,5638,12,DACF112DAD07913C280674B0943FEF5869A8FAC95E40990D757E60CC7FB9D796,84D21E91972B9236C7A3CAC482733E4DE904DEEDDE0C7667EA133BB5C534A2FF
35,cancel,6913,12,5599,12,2D5EE6959BE34964280C4A101F4F7D4F82B7E2CE58890AB77CABE775F8608800,2F1BF0879EFC40B3FFE829B2AB4FB73D03A5B769BCC7684B95C88B4863FEBE9B
36,cancel,6940,12,5651,12,505DA935C92513672A06357469E5B7EB6EA58D7A204BD529E47B13F3E4E2D6A9,11F89E6FBEB88D6DDB19A6D3161F5931C1E8A6227A2482EB7FDA28EC52AE1BC2
37,cancel,6206,12,6443,12,9D837199E1CDCBF9C5ED3AAA0707B1097B94E67B7661A8D9A17B675FA34B72D7,3BFD936E03E05DAD0A75FD601553AFB4F856E1E65E12033CFEA06715A31F30B6
38,cancel,7023,12,4343,12,CF947DAA62CE0FB79B600CEA8A3C71478CC9CE14E65B7E943AEEF098750B6120,AFA0318DE30CE67618221EB61EBFCBF9038F505EB884B0AD6AB1D63B964F1F7F
39,cancel,5635,12,6921,12,5B0BBD2B77ECA1D93BAC482ABF5C620AC83D17B162E7EBCB0E4C05F79D036A9C,AA975A6382577863FA8C224243E17AD4D61548EE6AEE68AE91CAFFFC271DD557
40,cancel,5636,12,5653,12,F6B7871B1F3694C1A00DC193BB152834F4C752C1F0ED30C867ED1492EC689A80,9262009CB429506CAC5BB028882F9455BC8B0579E83065B02053EA0BF900B0DD
41,cancel,6896,12,7002,12,32DDB3DDFB1E615179A90573D1EDB05FE20E7789B9B8040BEA520AAF53F05E01,D6CEBF469DF151D99615C6B077D509B24BF5CBF03FADC150BD6CB96657B25972
42,cancel,5906,12,5663,12,111E4FEA417D61BC0EF8542B0095CE284B080EC2387AB3E69EC0BF484D1B4ABA,9BD75B4A63A42AC89914D2AA5386FB2E8896A7A7808D6E5D0891EBF00092082A
43,cancel,6025,12,5652,12,55069B029F110B04E1BC97EEC4295410982E3AA41FB42D4FD39E37713268ED85,6775DAAA90D2CD70715CFB983E19CD1704652F7DEDD07DCF3EF1DF1537A6DA93
44,cancel,5653,12,5616,12,5999A9B69C3BE8703D9C9140BB5B8233C16D411E549ABDF62968AD4D839434B7,3C4791A19A3C6D74774B3BA9A3B65D795C0203A81FF162BCA59136AD1243D0DD
45,cancel,7045,12,5646,12,2D5AFA90D29F5E40AF610BFEDB7EE064F502B6330CED50314288FCBA7A1D0A51,9FB557A66E14153BE97A7BD3EAB97F1FD2E9B0EC57BE19BB79B3A0E80DCF0C50
46,cancel,6927,12,6987,12,2F11F8D8E298A97F25624101751EF37562194D9236F0C53043A5C940F95FE0C4,6AAD8F659253627EC0752BA89CEA0AA2B9344980117EB8AEE270B7340BF987F6
47,cancel,6949,12,3315,12,367041221185A8F52F44D8FCE2F38BEBA50FD19B3C4E9BD5DA3200E67A463A61,DC0F6F7E6445B35F38E33700BDCBAD7CFC8053BD23BF4FB8CAB624D9B6D8FA62
48,cancel,7234,12,4379,12,83125F03082C323F009984E339CBB9570E9CA61B291F5CE45880A8C23A75C6F8,F4D8C15BFC5F90E3E75E06EAA1C4C069CCB55C81262059B51EC4F8677B90E6DB
49,cancel,7032,12,4388,12,29F0F7D854032562F21B9AA3CF387214F984E848BE034CF5A8C6A8424006B71E,229FD9FCE8698E287B5F7E3FEB24B1E5FFBC0075135689054B468E43D0D28083
50,cancel,5730,12,7021,12,A1CB92A856E0A6C0BAA741E20C5D7F517F97F83EDBF4219F929EDA4174008E71,B204E0F48D69AC3FD7D87C186ED0EF09EE19A336100C8D5FD840C0314C846B2F
51,cancel,7030,12,6914,12,A65013EBE33A725D4E3825E7B95B8093928CB2B83AD67F2D10F5EF4C578C8B6E,C4E0831B8A18480F6E2C1924B7B473D0C97167339CB1B16CEF1FB94E7482E108
52,cancel,6938,12,5642,12,D1ED3427A1EA9F793F9692D7D668A419E75395D568987BD8B44EBE9526A9D753,4EBCBB69CFA45480F5B5FAE0DDF9838C637ECCD8DA4091F029E28565C2AAB95B
53,cancel,6949,12,6939,12,D95AFEF8536812A5CD1589E3C8176B562020CB0015815406D2A69865553970F3,5E95D447C76B9CBC01667AC3B0B99F415AAAFE1DD091D5830854D92389F39BB7
54,cancel,5659,12,5656,12,675CE579BFDF0AD06D879011FAD4D8A502F27232A0A7E2E85B0027185616D481,A077FFC2FA12FA71E8F4D438E186BF2E252D480AF7A3818E9573EBB3E25E9911
55,cancel,5654,12,5676,12,E70987652F1940E6B2084900F73F7C991101A874CA258CD7F55A9A5D732C13FB,A506351D71E91CF8EB4E61177556AFE0C2F44BD39BA9C17AF165387A97DF0AA3
56,cancel,8216,12,4365,12,4106D2695571113549A5954A67D4F52083FE3E56ABFCDE226C0333A1B983589C,C7B02211EBEAB07456E8D36F7DAB3C6C930DD281A928F9B2D3E8FB0A69CED014
57,cancel,6937,12,5640,12,D6CF71BEA53372A8F7A8A9E4ABC519FB41978A352750CA888B4EE971CE3084F1,6CA7F1EAEEB8BC45EDC487F9B950DB8E197BF67825AADECCA7D922D0A7E4BF45
58,cancel,5603,12,4355,12,5092B75684348ACFA24C5ED83936CEF78C08C335407E738CE229F1C499BFE6E8,ADF133CF7BD6EDAF3958E327A417C89F9149F08E40FD4F618BED35B5F4298371
59,cancel,5668,12,6891,12,8D7145D0430680F9A9C7CF05E4C8A84484663EBF7913A029E16C22471F3F98EF,25C0FF2DA2DA7D44AD6E5EF4046C2458492C84D1E561A0435FB2CEFE85B22679
60,cancel,5624,12,3060,12,9EED1ECFAE1509F322FF596DD34FCE30D91412E55937A8182A8B5A1439475C5C,4DD48E338E476660619E0F3D52CF5275D122202849CD0C3D6E20B7B42F3059FF
61,cancel,6895,12,5643,12,3A94D4C723DCB9A745491E2CF06FBB88796606AA18159340B950290A0486A911,FB6CA0D25F852A8CA9DC7BCDA408CEB40D270B5BB12C91E9454E024EC1DF5C50
62,cancel,3107,12,5646,12,C04F3DC58DF611829292C76CBED691ACE495FA03520BB569966B0380F0CBF908,E7E2FC179031F3798608D5267994E36D940795E644FD0098680F23186A8F730F
63,cancel,6936,12,5704,12,4EB700EB118E420851101163C933973C5747930F3A5BEBB00EBB3ED0BD767000,B364402EFF332B1BD5C6F52F1CAA97BE6757B548052CBDC50886FCDB4736D27E
64,cancel,5624,12,5607,12,61DC166EC385C25108225E160A1575EEDFCBE1C4D875D937B9A32165B8C96290,3F1211CA0CF892F86C2544CF64D79FF5DABCCD6586D19AB5BD35AF8F02AC68C2
65,cancel,5649,12,5629,12,676A031D3FCC34F672E8A031B4CFD0330C011888FC35D41630482125D612F011,852A933056E128432240F4C2B05F9316708DD6B53746836CEC71BC2A8188F424
66,cancel,5659,12,5655,12,2B58C88716F151ABA5186BE19161E95DBA90E55E606B311848E8301504A3B8C6,4759D873270A733C1FB281C5C0BBE034138E15498970E1BA169BF83B0B6067B3
67,cancel,5607,12,5564,12,10E7AD8DB7F50F14C122BC53C8339937EA0F7BBBEABE4243AD8D2E2D614F6C30,CE7C819C25606F05FBAC91F9CA58D08107401416D49B364FADD2A8A61D3FAC77
68,cancel,6895,12,4326,12,23719F08A32DC1B5CECEDEB83770EEBEE753E258AC5D1347D771C3BB6F4DC57F,965BC38FA411F9C71E2AB1EAA222480B8CDC21E5AF914D7A7C926B49E8D504DE
69,cancel,5607,12,5634,12,F8264B2C97B606507FC166C490E8A20942224655C9A8FA9B9E684F676B28EFF2,933FFBF9BE1C848200E49206A19ABC6D8BB43965D83D54772F812C41DE06910E
70,cancel,5648,12,5735,12,36A7BDB75741BA128177BDD5FFF0EAD29C94871298A4464DEB5623B5783AA3B2,EC39562577EAE44345FB76A547E69F47FD6DB4B8D446819EDBEBAFC3CDA6901C
71,cancel,3076,12,5825,12,5670821E42FE1E9BF71E2189ABCF9A35852D9AE6BA7E5CA4E84E4DAB87178650,129AD829003B88CCBE098C19FAB68F18C873C7D44571EDB85969A943F54522C9
72,cancel,5766,12,5607,12,71B13548A76E4BA247AECC19085D8A995ED41230A3596F04EECBAE4265469008,FEB475548CB9292D2557E1F7B1A039808B4E9D3C975C4289883EE1389A89AA86
73,cancel,5630,12,6920,12,6AAAF503869D71538887119EFE4A130288C8BA72513F2E104EAAD4415974D726,FA41DAB29DD6DE364E16F38CFF1D81502255FC067584A406C03D47FAC4F24D3F
74,cancel,5635,12,5666,12,F2A56E2F6866C0650EA2BF37FEC7556A861E6FCBBD4FE3F24E79F830CB361285,F88F8E6DBD722A18DF0844AC71E32AA709AD60B04889DF9C8DF594167C495FF1
75,cancel,5627,12,5642,12,D79241B7CC22E07EA3CDCA0EDF174D6DFAEE925FC54BAEC92142BBCBB825FF24,1B45A6986DF81256461DD1ECB98B0D322007C2073EFD48957CD3A64CFAA38A3E
76,cancel,5689,12,5656,12,644AABD9CC0E7762C730CEB1285CDBD2BC98F8FA8164A682792CE4AA0533A8C5,C2E06D715F6ED1D2776A24825EDBBC25E774922D409651FC166B01AA3207602B
77,cancel,6937,12,5657,12,B50A5FA392758D081B704550BCD53DC781607306243D75D84E94CDAB2EF255DC,90DD41630D19F9F7403AD180B97A001C9323F06B476D228CB0935D111A0095D4
78,cancel,6969,12,5650,12,ADA53E12E87D78D5251D94CF75EDC3850C555F1CDE59606727793183AAAE7B94,BED90B9CCCDEDD5EBB4F09659F1884EBD945A969BB4622F499E86C5A4ED0597A
79,cancel,5629,12,5630,12,E0609E4250B44CD63CE51A6E33196D5E6D1E769767B669BC173DFD2083E9B6C3,99B8968FDD1EB93FB8E637DC3B2B061526B2EC5709ECD0C0386EBB6E361CEC9F
80,cancel,5659,12,5658,12,1CE8D968E5F0FF98600AEC4B52E531BD8D79A96D2E60022A1321BC4B98A61DC2,E4674CB98CE5D8B862FE6604C84FA3FCC02C026420444292934D05566176AC60
81,cancel,5690,12,5643,12,8EB2748FB1AC33296A39F0522342BFCB29C6988110CC296A15E4BAB6CFBC7C27,470FE581E1D9EB56A065C51372774BE799795D4C91D95CC09B3D421D4790BF8B
82,cancel,5641,12,3177,12,C10BDC007218D025F78CFF82F311B81F79EBA34C7EA0BD2BF3F5A5C756BE80AB,36F2607832A401E09A5FDAEC22272FD0F77574E7D632D716B417BED07EDC6E70
83,cancel,3066,12,6962,12,C345E9B60AD9F638EECA8B9117693EBF532B8FEDE6900341820C02085C564962,19B996D846F2A42A81D9D270B7546E4F2286BE9518C7BFA513ADF86E7314C076
84,cancel,5650,12,3054,12,0BBA7FB922C94FAE774195FD549CE364C195D30239D62FD20C76ABF395C0E206,474BE068F3C15AEAE29A8FEB0E53A737806BB75B3D572FE1A0DB1D78E7849AA7
85,cancel,6972,12,4313,12,D2F68791BD7424F18020E72C8A2734C8D8360B62F5FBFEFE398D53186EF81CDB,667E9D31AE217D9E21A304124BFCF300AB61C36384ED4E0B9490F9E0DD753928
86,cancel,5673,12,5655,12,877B557A37992963B7521D40496182F2508343EA6D15CAE86B6BA36FF5A19EF5,7C2188448FDD44832F0833B0850EB60AD689F2F36DEF90F91F46DD1A1AEE768B
87,cancel,5654,12,4362,12,3457BEB4D0ED05573985E45303FDD6F5D33516572FF7CA35B2A3BF62F73A9EE2,E3C81DE306C4107D5AFDBE39E1EB2335672695BE6AEA212803B54F1E8DAD4EAF
88,cancel,4569,12,4376,12,FC0C76AC2DCD0188250778929DC7E93356C05C00993B7971F749C7C73533490B,006D0C3CBF3DFDB3116AFB3DC031613BAE827786D4EBB169936ED34508BEDA76
89,cancel,5644,12,5640,12,8B918F696AA37027A0D2F2150C3D7B8D060E9A3627D87ABA08491DCA8C60DF60,EF9584E2496F96C5929E3A8C69ACCC9E7D84A89784FD962CA0DA4644F006072F
90,cancel,5672,12,6978,12,834094B9CD5A2D2F7ABE3835351FA5E70473D258161C199233FFD9353045B865,3EC31480C27436BF23BDDEC5EC709929B62B47353360306F7E809EFB6C949A13
91,cancel,5681,12,5658,12,5624D4528B2483974139F4DE468AF055265253A5E66B99353B757683A865C3CA,D6D1C8F350442C793051AAA9CD423969652DE256A0FB9EEA695ECF6139D8FBDC
92,cancel,4987,12,5613,12,4E3CD43BE99AAF07CB7065FBF3CBEA91CE6BDB092C3B85810AE8D41B8AD0DFB1,773306302A96FB269BF61D5AF00EB6FAD8FB0E59473DEE2FCAA4E4BC023C3C28
93,cancel,6937,12,3062,12,F92116E9B3AEC0BA03BAE8524E52864121AEDDD5D33A019A2B426252F8D9E712,B0568EE1DEDB600FE2870F02AEE65137E3075194CBEE2901E63A6851B8029FD0
94,cancel,6928,12,5621,12,E22298A847E81335AC7DFACC2A259C5B15068396ABE95ADBE9F60A0F9DAEBB69,832B18D081BFE6022448CAC69A39A3F2C1242ADA6BFA747F3AE3C51052CA8010
95,cancel,3057,12,5362,12,B25D6FA65B12F8427EE520922BA713A09AF7A8DDA7D5C5113C4C9766C91FF349,A294FD6107BEB45FECF439337C5261FFF4DCADAA76CB51BDA89C820143C4C88B
96,cancel,4320,12,4317,12,2C442A225C7EDDB370A9DB71DF4BD9D316E54ACED55DC83617BDF1E6E9B3BAB4,6378F7887CBA31D47C499DCED22E1F61C7CE9CD4AF3AB8220475C2C1B24E169C
97,cancel,3073,12,5640,12,47F3D80DE24F0AA101AC1D2A64CAB810FFCC94EFA933C8370FDFE9AF493DCF97,514E12304AE75B1A68EC02D3CA94B7DED9674102B11B47D53ED334C1383920B1
98,cancel,5619,12,5683,12,690CC0DE4B84A2244FEB924CD083697DCBA895BE3D6222149FFF725C7773E8BE,FCD3BFD45E5DBAFF1AC51EB5D658BDB6B23FACF459FC37034C43B904FA876170
99,cancel,5657,12,5649,12,23D45ECE397450D242205E81597E8EF00AB7A02D6EA13E1E716CB2EF7D9C7FC3,54D9DCD36FE0E76FD4EF49356D47CB60D5BA71CE3578584FE49CD10BBABE0177
100,cancel,3037,12,5635,12,833E113ADF36065E0B8D326628E7B7A574AEC97E6638C280236FB8BF850697C9,AC06467B6507480F08CB9B97B3254590F18DA1A5899F14C373E91B8C1D184CF8
AVERAGE,cancel,5810.880,12.000,5476.750,12.000,,
STDDEV,cancel,1118.753,,999.687,,,
MIN,cancel,3037,12,3050,12,,
MAX,cancel,8216,12,8199,12,,
P95,cancel,7030.100,,6962.800,,,
