iteration,mode,create_ms,create_fee_drops,finish_ms,finish_fee_drops,create_hash,finish_hash
1,condition,6927,12,6270,423,DC3074D332105EA8BCA609DA3299D5571F733913CEC2D0889C4ECEDD28182862,2E53C6776FF40C9522E932E43DA1D46C77B73298F49996458E60ECDF31BFF460
2,condition,5620,12,6864,423,36D79F881767BDBF2A2B965D544DDAC9180E878F436931EBC26A1F146205963B,CB239206031AA3501D85246C5FD56A48B1A2131130158F8A3FE5EE1E4D1C59A0
3,condition,5590,12,6906,423,96A313DA52F68AA5D121E128B775D234291AA36EF8B5E5219CA8782B017C32A5,D1B501B770E0F74826D32DBDBCB77B2800A739605D4AC01D2C418A7EF6FD046E
4,condition,6898,12,5581,423,82B2167C80A575B55D631A541AC6A5E086A177990A7FB1C1128D06162EC89E16,8D57F858A8D51478D4F845FEF1E73E43530F9B85C94835D79BFB740D55B1BDEE
5,condition,6958,12,6850,423,81C6CE57F4DDF53DD41516545F8433BEFB8AD1A40ABC45C1F322F5F56F627BB4,42103CA9D578C224B7B530920EB1C1FE46D010E454484F48FF3F46202D5DA6D5
6,condition,5637,12,6877,423,62BC3EE7E4D2DC6497F53F7BC17A6ADD9377B8B010390056F7889F29DA7A4777,64CABC3F8D1DD6FC94E3F33AB400750BAF53F48B0B9FC913C3FACB397530AF6B
7,condition,5587,12,5693,423,C589F1A990C12D331FD0790F3ADCABAED597B0F95E13279999300049D821EF5A,251EC78A17D58017D944EFF6FADF6EEA7F95443D2BCA65D06AD80DDCA42428E8
8,condition,6874,12,5606,423,DB7AD6A3926A54D4291DDDE2E411FC6995E561F8B52293F857177CC2DD1D5FA5,934CC071B2BCE3CFDC997F39BB7E6BE0D1EBC5DD3197B8B9588A28158AF820B1
9,condition,6891,12,5597,423,7FD583FE5909E4648230C3020FA60B8CB35BB55D0F4365DD3C2118EE21FCFD6A,9E7E163EAAA862E06F3127ED0EF30DC8A84D97A51AC6EC5892007BCE2DA86CEA
10,condition,6889,12,5609,423,2A06B25F272D66CE02ABFC939044D940A7B7718D15C80ED9C96BD491E7E3AA4D,1F2231F2A583C92EBF607F3F42233055F65BC7BC8A18C123378F1FE924A7200E
11,condition,6892,12,5590,423,F61D6AE539E9325462BB401FF68997F448E1929F3F1554D795980349DD7A4190,3C547B82A14652877882EC4F941B2863B4695FA5C66CB9A79EFAD66E2EA3519A
12,condition,6821,12,5580,423,BB7AA30E13DB9E733DD780BC3F68262EB046BEB87AA5447BD98CBF8C5754B577,66A420518903AF5AF488C7E05C0EBB89FEE3A0ED9A54BA8FFA5022F71529EFAD
13,condition,6880,12,5586,423,9A889C85B8000BDA57421509CBE2E613D3A80ACC3B7953448531CE878665FF5A,42226BC105B4B45585BE0732E53F84FF1E9FDF993A38E8B8BAD8ED49D6E82C71
14,condition,6909,12,5678,423,AF6FD4C07598DA29865D9B93716626A2BBAF3D6DC0F66BE0C5FD1E39818A7B54,7EAE68C5239E6F6471E0BDEC96F40743BCF42B7EDE60B923962000E79A9661EC
15,condition,6882,12,5578,423,97F82219837D6C891E91F52DF765F0CA2B30065144126A6FCBB8138C4719FEBC,0538C5B210778CDA71148E3B80AFC1221E82A5F72D220150FF2B2D1221C4B895
16,condition,6883,12,5597,423,83EA63D28E06B319DC23A1F52E5EC8DCB3A7A06D14168AA5DBF7334C25DD992A,4CC76310F7798B9EC80DCF05020A3B5C57FBDF853041E01C0622A9286C890ED5
17,condition,6884,12,6894,423,7D548306F154E1E35713D0B22416D6FF497C666A195E97C27C5B2E6426F2BC43,6FB89081AD128A29812437E7186234C7F4C1AB954D6046E41B695007868E3BD8
18,condition,6825,12,5566,423,B05DD1913B38E81D7A5CEA4D500BE10A81A9F4E8E35B557B8509179DE3C26133,7C76955C34E2614131ED7F9FAA15968460A4685F7753195ABB0594D49D6BE156
19,condition,5624,12,5584,423,4D126986C56BF841C2C59524DFA8711D672A3EB41100515635E2C268526FD1AC,9AE10881B3B501B76C0688EA6CD278B7AD8FF63A82E88277C66DC8452567380E
20,condition,5572,12,5630,423,EB806CA00F235204D908E439E50B32F5411DFA3EA12ADF741FD88BBC222DDD26,842E5000CC77BC28DC2CEC91185BD361E7C13D88203EACBE706F66B9D98DBB30
21,condition,6880,12,6901,423,1D42E0CFD9A1342BB5FC14A4682D479D654C85C9DE2C678D8AD60E8B827ECC98,6527C866C7A8135D1493D5F7ECB2AEA342732954B4A37624FCB3BD7E7EA725DD
22,condition,6870,12,5572,423,94A188DCAC4F2B6DA12BE8C372E86AF33886E36DA4D26EA588A1DC3998822992,1B574757FB2D501F60D8AB022EDF94A8A623FE3C22B2EEDF4684FF1B77D5C014
23,condition,4271,12,5602,423,71FA74FB797863910573BFDE94777D84CA652207032A5BA0C7422AF5685FB62F,C31B03349423E43B5E3E2579A122764BD96942BECFA7F4FB8AACD823CE0184E2
24,condition,6837,12,5590,423,FBAD1AA35281F4D6E5C48D0BE109D91B1D7FD74B170464BDBE957D6DBE92BCCF,F164F76C08E33474470483635A618D0BE11E7E9E34619B85011C2EF5CC47F248
25,condition,5623,12,6689,423,EEDDB1A28E57EEFFF1907B4818E19F94538761AFDAF01FFB1ED67C27A1D1F3BD,274D44B7859E5A45B2369FC19E91A0DCF08599627E92E90E04D0341ADB35344D
26,condition,5594,12,6893,423,2B2FD91FFA782300BF347642D8CBC6725A5FE60EFA1FBBD062506BF1AB8AD137,06037D3BF2B48E5F22C929B222628BC0CDFF20DD411087B2CF0CBBAC9FEFE0E8
27,condition,6867,12,5589,423,787882ADCB76D9A22FD8E80EBE90AB16695CC4239F0BB38FCEE6788819AED04D,4255DCDCB69CB4CCE74381F4C4B6A8D397049FD63445B51E0799DC7A4F5A03ED
28,condition,6888,12,6854,423,AE165A9D685D4BD1B140EF058DF032DB099CA68C54018DB61CD5148E9F5E744C,1B1FB0D18E3F019929429F737A43BA50C3BA74365AC9E2C72EBE54A3C5C91A92
29,condition,5581,12,6906,423,D2EC9CC5A5DBC30E3248A556D12B81C4E891BA2261E8DED705D8717A21B1C435,516894D7E34837960401925E2CA4C8DB3574986A4632B8302DCA0610C0468733
30,condition,6866,12,6908,423,376C1BBDBFCD9610A53E52EAECEEAB6FE98E8736DE1B7B36BEF7DE0CCBCB808A,B2C6BEA625E1C10E08B092FB6F7A9158564104D7075377AEA8D7EA0F8D8861BE
31,condition,6853,12,5585,423,2AE18EEEDECE5236B98D6E66CCB5E613E07ECEE51A67DF7FBDD1714714F708E2,EBEDEAF8A9DEDB007860A6FC94883198EADF36729A4EDC3069195FDEBC8F8594
32,condition,6856,12,5765,423,112F472A84B93BD2B4A26178877FEA8C269DBECFC40572D711C6BD9023E190B0,F4CE7D675B918186033023D6BC5ED3BC3E3862E442BB4AE83D2E8C4C59BB54CF
33,condition,7069,12,5597,423,67B3E51F6FF01CC429758016466FB5A2CCA165A515A8CA4F83EC7C0929762BCD,B72D371CF5EC9D61DA9C8726CB3F960B8AC653B6BB6A3C66C33FC8F11658DA4F
34,condition,6882,12,6877,423,B939621A5735EEE0E973DE7AF6689E1DDB58F0A9FBFC1827898DBC3CE1BBF398,FE8E3321EB40DA8202DB78D9002F282C0E1D8922731D3F25F1797D8083770F6E
35,condition,5616,12,6898,423,4F6FD2ED361245DDB83D7E76375E2C3DF142EDEEAED909C7AC69799A2ED830C4,93B6F515FD426D4840F29833B60A10643927EAA8A74BD23F1DA17861A32B42B7
36,condition,6870,12,5737,423,142D3A37EE25A7E7E8DC6481A809BF83668A70C130A16B2D43E5E462A079896F,9A22404CC7B846E4D25AA9E76809648A9D4C2838A3CD73C861068E36266A8321
37,condition,5578,12,6974,423,84FA046AEDAEA6693D84BBBBBC306EFB1F1175D87B7E44E1B8351E06ED9A2D95,8A9156DDA8AA10F2B26ED35C7B9DB5C96ED83CFE225E6E1B899055556541CC5A
38,condition,6871,12,5587,423,0558C126EE33EA47D98D2DA2262C5B497D1ABC52B466DA71B3C6762B6437ACCE,CF23E02983AE0E238B31F5BA7C42F45BA1BBD7C82D35E521474E1A114E887631
39,condition,5596,12,6888,423,BEBC2459E582E96ED14B8C5E559E27C6AA6133AF78207F08C4969516896113B9,BCE27EB892A4847686D973A11BEE7A349F5E89FB7754128FE4F6D01C18AC2688
40,condition,5594,12,6869,423,3E12121B2BA3EDEF1186E0387BD6A9A776C1A40211DA5C39BC68532D3414480F,9A0805DE6984FC83CE30BBCFF36BAA72BC455CE8E82CAAC67DADFB094C4608A4
41,condition,5599,12,5595,423,73C6BB2A9FD70D07CE302C21D63D888A3188A72C349778131768C5853F488CD8,EB0665D3E84C54B8E8481A9406633FC902881FF60DCCA62CF20357A8E10F9F50
42,condition,5772,12,6850,423,8772E5C9FB2AAB056BA3B1AC8292A59B6F874C35F7300720774D3A1DD2A2DBB8,57502B6D9200B59248E56E0E1EB3890A9B126AAE315E886510E5E7DC8330DE1A
43,condition,6847,12,5599,423,6C83820EE1A5AE98B5B980863DF515D8E67886E096229B2ED75229C6491C7976,81E5C0CAB002242AE43E720668FD2E2B28E80A1532EA3573551AE71C9867F411
44,condition,5594,12,6871,423,6BDDDD5820D6AEFC51120101A15570A7D2A1496EB6BF97B19C8FD253B13D04D8,60AFB6D8D694E16BB5D02190ECB8E8D96F216D875EE5C71D8B8A694EF546E7E2
45,condition,6882,12,5601,423,5C4258A5C332CDE1A5B44F6B501E6BA83D1AFF3E64851629145B2316FFA162AA,E9C6C509CA199D481BF9E3AAC7E45FDA3F8EE0B5D9DF6CA627B11791F9EB061A
46,condition,8126,12,6868,423,627E8EBD4FDBB01816BB6C501E86EDE48CF22B1385B641D1CD0F7FFCC6C4049F,40BB229EAE67C40175BAC9F710D7E4672478496A5839C949171F7E17E1EFF759
47,condition,6856,12,5601,423,4FCE2F84023E8CB8F8F9ACB4698F153AD32440492CBF54A1C37E02AB90C17B65,CD55100B938D0887A4E00689F06B7DD027158254414436CD1D9A6072DCAFC992
48,condition,5605,12,3045,423,DA9C4C0E5711059C192C59521ED09804B6C70590D0E7AD73BD092722CDA7A481,597149DFC35A0D3F793AECACE3FD487BEE83769190AF56F8402245A05D68EB01
49,condition,6967,12,5601,423,AD2B9474C4E023D0799A078176CD139CAAED285D4807FA32C8DDD19F692B6B05,F11852817651DEC613727E7E7885801C8F3CA2D4DD6BC6FD1330569E6EA670E0
50,condition,3028,12,3030,423,288A080C60564CE5CB78508EAA9CFE3F981C2547B635B98A36AB267B59063261,50033C82A8EFE3F3BA9BE8492C2C28C8DB4033D569BB565EE273CBCFA982B744
51,condition,6908,12,6883,423,E6AF43EDAF7748019B57EC213EFAB5CAA20E6009DB6DFE2F2562AF93C7323893,008F2991436AE424958616502F2C382960E6AD09EBAF6B4F59EBD2890F89A26F
52,condition,5605,12,7096,423,350689D91A3C61B1971505534F9366E4E95C9C54EC2DB0AE98E166542F579A5C,5131B6FB5B53C87F7340E3D7BBD90BDC999BD0BBACB95792D84A8E1D0BE1EAF3
53,condition,7051,12,5592,423,F5620B5BFB49DE1E2BB7BC249CCB848D4FAE73010AA027DB6E8306E26ED54F79,FB8FA686D41F9450143D978245E1AF6522E8AF7DA0349B2DA54B75487126FAB7
54,condition,5722,12,3020,423,6AED0D01679C6613F9B46484C355A2704DA52C4C91215D822296577D672CA862,A6F075E3B499F0A47E399EBBC671A1AA4F80B24B1F55C861C18598FFD423397F
55,condition,8170,12,5619,423,651C4C40A41DFB60DB2CD02CDB1E71BE5D8BD005ECFDF38BBE784142612918B9,337DF49813306D5CF97A16515E47593E3FD3DFF9C747D0C1A736E55B4ACAECA6
56,condition,6871,12,6909,423,65D16BF3FA0365FE16C66A0CCCFAC343FEA754A002C5E15DB61F5DC885F4294D,45FA28BAC71FA6FB79E4AE866FD4D381143D0B50CA475ACB406EBD31CC82E825
57,condition,6828,12,7047,423,E6C0E05F8EADE4CF57536F41C399DCA8D5F7FAE51FA881111BB3666746FF1A1A,5D086B41A95413EB1DA28718A124A75C0CF4FC0EB7A764555E9C631A0E4ACC38
58,condition,6913,12,5569,423,995D479580ED5B87380876F201843F21F6EF1DD96B076049BCE5C3F20B9D5BA7,416AB9E1BB31DE7FA60713DDA25E04A45F814EC49648BE15496FA0DE9D4757C7
59,condition,3024,12,3031,423,59DEA551547D71B4A08A8D762E26CF883128F95BDCD5E736A8F0671E94D56292,5F72396CDE8309C71D60A2F7F9A3E669BB78D5CE03B8A6BA61FFBA9C50241BD1
60,condition,6867,12,5609,423,AC4EDF4F6E4F3BD70C7321D82C8B5201E18ECB38B399C3A8BCC83151BC8799DB,3B076A1D7682041BFC66B26E52580021F5A7462BF40CE509A32E6DC799CC2CB1
61,condition,5600,12,6892,423,08718C85F68EBB776DC4F201738C6F5AF320C4A8CD856990F245E8399F8DD499,C0B0E940D8EBDA9C97E1F2245051F365E41331CC3961822037E555422B508592
62,condition,6848,12,5778,423,B9A27E857B9322462316DD1066E9EC87737A5DEB0C82A6FB00400E4DD47B7ADC,BBBBEF2E57B729E940B62800EB5BEEF6AEC9188875008C857660F88DA570C0F3
63,condition,6352,12,5796,423,93AD81699BE8DB128C3871424DB41B49674885132D68844A19725F007956805E,B385A5463C6C7B5DA5DD4BB5084878379D1D905F588107BB9CC3FB63E7DF17B7
64,condition,3052,12,6904,423,2F0AD7C6E1F8F7C8CBD1C12CB2B6B94786D0078CB27B9C4888A887E7D9C5484F,7462D1D3EDC1651C2FAFE3AF394E29DBA06FEA65DDA724A1A25EC2254FCC5746
65,condition,7256,12,5632,423,5D22237797F8D19F44F4B1306BDC0E13ED2A2B31C8A9F6AD91DFDEA7B2189DFB,B94D12B7BEA5353670FC07761590ADFEDAB2AEB031F4D48AAA5D7D7BD291CD21
66,condition,6933,12,6244,423,78C56D52220210EC3D39F37ABAF63120E45057044ECB26623ED5ADCD53421075,6A7374C74CFD9EAF6DF4AC9351E695520658C2C2B61EC8615F0550952EFD34CD
67,condition,5788,12,6882,423,5DE6CF0E49AE09C73D703D9528A80178601B18F27899730B616231807AE3B07C,61FB68E88473F875CF735BE22B18D470EDA1542BADB8109021CB88F1727CDCA0
68,condition,7035,12,5574,423,FD9640BB051CAFE7DC8078F6A281CC637FF9A380052174D828C141AA4E584A41,7B6C1724D0E720A40D3A9BB97ACDCB19AE72ED3E7582F7B009C5F1039F910C07
69,condition,5581,12,6852,423,76B40225D0B6FCF663AEB7B42FFFF2B71037536391DCDFF7F0C5E7B628FF6C39,B7208BA9C8F9909694291004C792D7271935A261180D4BE195AECD7E49AE3E91
70,condition,5600,12,7042,423,10B020BBDBFCBE89097B68F598086259E6FCE70F3CB6CBD94BBF2EF14558662D,BF2488A6E80CD8D05AD49A5A117EF6CE20FDFF51D1F1BA5A09906C3FD4B3745B
71,condition,7060,12,5582,423,34A9E284151F51AE32AD7169B8C90FA81A8E5217EF9AC6FF92900853E5627137,377F6FD9FB233FC2C84E741B222E50F4E08744C720F14FE77E0FB816028C9399
72,condition,8315,12,5628,423,0523220B5582BAC79F0DC2070739DA8E27B2607C6CB1E551FF17D23BA846C890,8D1E7A55C995301F7FBF4EFCDCCC26B7AE6048531C7F6CA22527C80F711F8E37
73,condition,6898,12,5573,423,CEA2CB529D39B51C1B7EEFEA6B5316835BED781E3AA832B27EE39878A07B1798,B603075DBDC41786EFF75C387337ADAEB7D1B8E92C50FBC478D7E79045AD857C
74,condition,5604,12,6855,423,735470718C8075EB685FDD17BE9C155719775772D9AAF0929CC53B596000D2C6,E8E5802BAFA2586850B7A5AEB976DCF57B79989AB2455CEE7C0FE4108EC893D2
75,condition,6898,12,5583,423,4CBC92C82BC786CC5747683E4BE665F9C384F917D66B8CCA783E34B716835330,4F997E44DF7136BAB2102F3B74F199C5B0AF31A5561629DD778300D7D2A82CF4
76,condition,5574,12,6874,423,8C74B1DC947B245F2D8A9D9365F1A708EBFC96BD8AE2ABE96B9E2E13AE281665,01C4A7F8B9461CD668AF7D6CCE8BBE0BC29E26BD7A540C394D8340F8635085E8
77,condition,6853,12,5571,423,5AF255BC13DC0BCD31C9808F64B4CFABCD8572BA2EC7F9106CC7F19F807FB144,AE3B5CD93CC0DAF70DC9F06D082F9D3052AA6053AFF253570114DEB3FF502A5C
78,condition,5559,12,6855,423,B0194B1B0F9AE065170B313754541EFFB27B2E70D8D1D3242A7B3BF020C57830,101E2EA2CD7412A6140F2FFD02EB1D19AFD6DEE7E72C705E51CEC5711D5FD2AC
79,condition,8170,12,6883,423,7041998DE598BF578E8A1B9248A721E5CD69F21BC3D0130F47A67E50B43F5992,E37430A2B62B963B5F15D9A8CDDD4D05F3081959F14C8516C1B6510BEED7C61F
80,condition,5607,12,6896,423,77FC44DF5B1958E96A28BD1EC25CB679B9093253E30F18B7CAD420F5063CC0D6,F172C4E974824EC11D6AB40B4EECCC5A9827216FAB147787F9AF32F3EC2453A9
81,condition,5589,12,6867,423,8A72E0FFBF6350B49F3A63ACAA0598FF88A11FDACE32712525BE9A0FBC510B82,215D30EE309CB3E8210029FE3CB79CFDE9B92BB3E227318DDE48F76E4551AA00
82,condition,5603,12,6862,423,FC33B49C6355B53AA4D8FADB0AEF19212290155E5C73FEC8A552144391FA2121,58C25DB4B79F9C09FDDBB629573CABF37145FD4A2CDE7D2D6E87A38DA50FE8A7
83,condition,5576,12,6878,423,53B1091F659AE08758B1F665CF3ACF9C536A2C72C95BBA318381D30F12223724,89598F2105E3BAF5484D7013D93BD5694A0F198EF17829680DBE5E3C812AC5E2
84,condition,6874,12,5592,423,8BED7C828D1163DCFF55617ED1DED2DB7A449C82410FC1F82D700DE75D4B2B08,B0BCA7E2702696FD2378CAD2006FB5651C8753BBC614E8C6485103743C00F9D9
85,condition,3032,12,3014,423,40EE074064FB0A5D45DA8B07CDF34ABA01808F1B28F045EC0691CC3E955D1CFF,3840879FEF5F44895E23FA1A6D18FF1591C004866DC8D3CBF4BC399A12FC6287
86,condition,7543,12,5601,423,C40CE885407CAAEFE38BBCED82ACCCA5C24274052B90D1B0BF5276F6FC84D2F3,70C8649AE897262F25AC5C565B6134DA5AA63DB22E62489749A15FA4100B809A
87,condition,5595,12,6956,423,0B3E09EFC6E9024C0E2975957F1BC2BF65A900D036D414F6BFB7B802E6383760,611F4AF32DC8BA48CF19D7FE24E358CD377A234A3B25856CD2DEF42711B115A0
88,condition,6855,12,5595,423,F179C63F1BE01B8D11FE2E824273972A216429064808875A76F7E6837E0867AD,5A9CD86DD7C903D7AA5866CEB6D371D790C077EB1C327C075EED6D2452AE5943
89,condition,6901,12,8154,423,439FCB37CE74116D3C39E79991C97DE5C6CBF52CE145E08EF367D272F9EC3A4B,734B22AF2418F7E2E09387EF7EBC1F6B51C64EACC3B761A6B74E3CC342C942B4
90,condition,6880,12,5570,423,32A0E80701F090EE00B3BEDF666C063C2A18C0B6BB0F44DB19824920F7751EC9,2F89E8F3E13F00D2DA08E98A5FF6EE4735B94BAC0CBD0329A3E72C9A8EAB8304
91,condition,6864,12,5581,423,82B81E223FCCEF9D2058FC86AE92A6CAD74F5A395FCC38085BF09A9D06DB0A13,24E863672C98B2A44646521A4E7FEE663283AECA5DE6BB9645A78689667D1CD4
92,condition,6883,12,6877,423,8C91806645CB31B5B46B0C5DECA7618608078179874796A63C403C9B092B684F,C248EC065B52E7951A8908F46374B4D3E213435B39E0E579B3676C375A031B04
93,condition,8170,12,5831,423,CB53B51C7208013A15BCD9D388FE40C0ED12BFA6B6DB5DBF750453D9995897FA,FAC50D6D8D3BD73A7C54F998A3FFFAD795FF34A787C9235002FF1F0C0D582FB5
94,condition,5581,12,4340,423,7F1ABEE2B146D635E0A3E8D26BB469F8626792829DDD5A16FDBF34971A8B25ED,B30E5A8B49F6C6FDE62A9AE370C6DBD4EA32E12C95A04C967B3AA0A96A775321
95,condition,5597,12,6886,423,77D6EDC4F02C3E7D40C14A66929A86014640F323BF6E40BE29530AFDB4CF6395,98107B9D067D4965A329D23727BCBEF6E2396F39701FB079E871AA53C9643734
96,condition,5601,12,5585,423,53ABFE5A75DB1C8DC103C4567661E03B4143B0B0C3C420D3D721B805749EF074,62DC421548F7D243A344AEF592EFEB6968B6C38F45B3109A17A19973329A4613
97,condition,6861,12,5605,423,F37E19549BE4E040EE1EAA609A604204F35C2C57D0CDDAB2239F89111E8E69FE,23969ABAD4072662DB541AD5A71BFCA084CFAF173B553E5AFB27EAAA8A00AF56
98,condition,6876,12,6875,423,3CECF43C3B5148F277410596B1A86CC05ADAF356726357278625218A73A219A6,E79C9CF789DE3D01A02FF26DFE9E3117D3AD299F5DB5488CD74CA0876648F100
99,condition,6893,12,5578,423,3B2306A0F3584B0935B9CF6CDD64471AAE1886780E5ECC04FCF9FDCB5614B90B,A9F3F84544222129BBB3D949BCAAA0825A0731F8B4ABBF922AD403D4D80E35A8
100,condition,6869,12,8176,423,F43589345D1FF992170DC6FD8620CB887170A47992C6DE9DB4084B5C3DDCD97E,9D102C44F057E2C0A307936D50020E58C9C54E94BB564C451791FEEED0707EC5
AVERAGE,condition,6345.660,12.000,6047.720,423.000,,
STDDEV,condition,1009.513,,978.970,,,
MIN,condition,3024,12,3014,423,,
MAX,condition,8315,12,8176,423,,
P95,condition,7572.150,,6977.400,,,
